I’ve extracted the data from your latest photos for **Tuesday, April 21, 2026**. Your mileage consistency remains excellent, with the trip meter and odometer tracking within 0.5 miles of each other over the last two days.

### **Fuel & Odometer Log | April 21, 2026**

---

| Category | Data Point |
| :--- | :--- |
| **Date / Time** | 2026-04-21 | 9:54 PM |
| **Current Odometer** | **112,197 miles** |
| **Trip Distance** | 377.5 miles |
| **Fuel Added** | 13.306 Gallons (Regular) |
| **Price per Gallon** | $3.359 |
| **Total Sale** | $44.69 |
| **Efficiency** | **28.37 MPG** |
| **Location** | BP - 5975 Memorial Dr, Stone Mountain, GA |

---

### **Maintenance Countdown**
You are closing in on your 5,000-mile service milestone rapidly.

* **Current Miles on Oil:** **4,362 miles** (since 107,835 mi on 3/25)
* **Miles Remaining to 5k Service:** **638 miles**
* **Service Target:** **112,835 miles**

**Projection:** Based on your current driving intensity for Lyft, you are likely to hit the 5,000-mile mark in roughly **2 to 3 days** (around Friday, April 24th).

---

### **Action: Update your Database**
Since you are working through your laptop's **VS Code Tunnel**, here is the formatted string for your `tiguan_logs.csv` or `raw_logs.csv` inside the `Tiguan-Project` folder:

**Copy and Paste this line:**
`2026-04-21,112197,377.5,Regular,13.306,44.69,28.37,Verified`

Once you’ve pasted that into your "dirty file," you can run your `clean_logs.py` script from the terminal to sweep it into the master database.

Would you like me to help you draft the **Node.js Express** code for your webhook now, so you can start sending this data directly from your phone instead of copying and pasting?