Logged: 04-05-2026 10:38, odometer 109830 mi, trip 332.5 mi.,
Gas fill-up logged: 10.569 gallons of regular fuel at $3.739/gal, total $39.52. Date: 04/03/2026 12:10:35, odometer 109,497 mi, trip 433.6 mi.,
Here's your gas log data in a clean **Excel-ready format** (copy-paste directly into Excel, Google Sheets, or any spreadsheet app):

```
Date,Odometer,Trip Miles,Gallons,Price/Gal,Total $,MPG,Notes
03/18/2026,1065505,292.8,12.450,3.599,44.81,23.5,"Shell Lilburn GA, fill-up photo, trip since last reset"
```

### How to use:
1. Copy the entire block above (including the header row).
2. Open Excel (or Google Sheets).
3. Paste it into cell **A1**.
4. Go to **Data** tab → **Text to Columns** (if needed) → choose **Delimited** → select **Comma** → Finish.

It will automatically split into perfect columns.

**Current Gas Log Table (with Notes)**

| Date       | Odometer   | Trip Miles | Gallons | Price/Gal | Total $ | MPG  | Notes                                      |
|------------|------------|------------|---------|-----------|---------|------|--------------------------------------------|
| 03/18/2026 | 1,065,505 | 292.8     | 12.450 | 3.599    | 44.81  | 23.5 | Shell Lilburn GA, fill-up photo, trip since last reset |

No previous entries to append yet. When you have the next fill-up (or older ones), just send the photo/receipt and say "log it" — I'll add it to the table and give you the updated CSV block.

Ready for the next one?,
Date,Odometer,Trip Miles,Gallons,Price/Gal,Total $,MPG,Notes
03/18/2026,1065505,292.8,12.450,3.599,44.81,23.5,"Shell Lilburn GA, fill-up photo, trip since last reset",
**Gas Log Table (with Notes)**

| Date       | Odometer   | Trip Miles | Gallons | Price/Gal | Total $ | MPG  | Notes                              |
|------------|------------|------------|---------|-----------|---------|------|------------------------------------|
| 03/18/2026 | 1,065,505 | 292.8     | 12.450 | 3.599    | 44.81  | 23.5 | Shell Lilburn GA, fill-up photo, trip since last reset |

No previous data to append. Paste new entry when ready.,
**Gas Log Table (with Notes)**

| Date       | Odometer   | Trip Miles | Gallons | Price/Gal | Total $ | MPG  | Notes                              |
|------------|------------|------------|---------|-----------|---------|------|------------------------------------|
| 03/18/2026 | 1,065,505 | 292.8     | 12.450 | 3.599    | 44.81  | 23.5 | Shell Lilburn GA, fill-up photo, trip since last reset |

No previous fill-ups recorded.,
Got your latest gas fill-up logged as a simple Excel-style table—clean columns, easy to copy into real Excel/Google Sheets.

Since we only have one entry so far, MPG is blank (needs a prior fill-up for miles driven). Add more later and it'll auto-calc if you set up formulas.

**Fuel Log Table** (as of March 31, 2026):

| Date       | Odometer (miles) | Gallons Added | Price per Gallon | Total Cost | MPG       | Notes                          |
|------------|------------------|---------------|------------------|------------|-----------|--------------------------------|
| 2026-03-16 | 106,212         | 21.446       | $3.788          | $83.159   | | Gas fill-up (Murphy USA receipt) |

**Quick Tips to Make It Excel-Ready:**
- Copy-paste this into a sheet.
- For MPG: In column F (row 3+), use: `=(Current Odo - Previous Odo) / Previous Gallons` (e.g., if next fill-up at 108,000 miles with 20 gal, MPG = (108000 - 106212) / 21.446 ≈ 83.2 mpg—wait, that'd be killer efficiency!).
- Add rows as you go—date descending or ascending, whatever works.
- Optional extras: Station name, Fuel type (e.g., regular), Cost per mile (=Total Cost / Miles Driven).

Hit me with your next fill-up (date, odo, gallons, etc.) and I'll append it—maybe even compute that MPG for you! ⛽📊,
Date,Time,Odometer (mi),Trip (mi),Fuel (gal),Station / Address,Octane,Price ($$   /gal),Total Cost (   $$),Notes
2026-01-14,~6:13–6:39 PM,96598,6.6,10.557576,Marathon (location not specified),87,2.2340 (cash) / 2.2440 (credit),25.5581,Only prior full fill receipt; baseline odometer
2026-03-20,14:48,106853,348.6,12.489,"RaceTrac #2354, 2211 Scenic Hwy, Snellville, GA 30078",Regular,3.6869,45.82,Pump 7; Invoice 1495; Mastercard; Latest entry (today),
Date,Time,Odometer (mi),Trip (mi),Fuel (gal),Station / Address,Octane,Price ($$   /gal),Total Cost (   $$),Notes
2026-01-14,~6:13–6:39 PM,96598,6.6,10.557576,Marathon (location not specified),87,2.2340 (cash) / 2.2440 (credit),25.5581,Only prior full fill receipt; baseline odometer
2026-03-20,14:48,106853,348.6,12.489,"RaceTrac #2354, 2211 Scenic Hwy, Snellville, GA 30078",Regular,3.6869,45.82,Pump 7; Invoice 1495; Mastercard; Latest entry (today),
Period,Opening Balance ($$   ),Total Credits (   $$),Total Debits ($$   ),Closing Balance (   $$),Net Change ($),Notes
"Nov 1–30, 2025",32.43,2996.68,2436.58,592.53,+560.10,Full month; Nov 2 payouts sum $91.53 (visible); mostly Lyft earnings,
Period,Opening Balance ($$   ),Total Credits (   $$),Total Debits ($$   ),Closing Balance (   $$),Net Change ($),Notes
"Nov 1–30, 2025",32.43,2996.68,2436.58,592.53,+560.10,Full month; Nov 2 payouts sum $91.53 (visible); mostly Lyft earnings,
Date,Time,Odometer (mi),Trip (mi),Fuel (gal),Station,Octane,Price ($$   /gal),Total Cost (   $$),Notes
2026-03-20,14:48,106853,348.6,12.489,"RaceTrac 2354, 2211 Scenic Hwy, Snellville, GA 30078",Regular,3.6869,45.82,Pump 7; Invoice 1495; Mastercard payment; Fuel Regular; Approved offline PIN,
Date,Time,Odometer (mi),Trip (mi),Fuel (gal),Station,Octane,Price ($$   /gal),Total Cost (   $$),Notes / MPG Calc
2026-03-20,14:48,106853,348.6,12.489,"RaceTrac 2354, 2211 Scenic Hwy, Snellville, GA 30078",Regular,3.6869,45.82,"Mastercard payment; Pump 7; Invoice 1495. Previous logged fill Jan 14, 2026 at 96598 mi → Miles since last logged fill: 106853 - 96598 = 10255 mi. Interval MPG estimate: 10255 mi / 12.489 gal ≈ 821 mpg (unrealistic → indicates multiple unlogged fills between Jan and Mar; use for long-term tracking only). Long-term dashboard avg remains ~26.7–27.0 mpg.",
Date,Time,Odometer (mi),Trip (mi),Fuel (gal),Station,Octane,Price ($$   /gal),Total Cost (   $$),Notes / MPG Calc
2026-03-20,14:48,"1,068,853",348.6,12.489,"RaceTrac 2354, 2211 Scenic Hwy, Snellville, GA 30078",Regular (87 assumed),3.6869,45.82,"Mastercard payment; Previous odometer 96,598 mi (Jan 14, 2026) → Miles driven since: 1,068,853 - 96,598 = 972,255 mi (long-term delta); No direct prior trip for MPG, but long-term dashboard avg ~26.7–27.0 mpg used for estimate: ~972,255 mi / (total gal est. not tracked) = N/A precise; Log future fills for accurate interval MPG.",
Period,Opening Balance ($$   ),Total Credits (   $$),Total Debits ($$   ),Closing Balance (   $$),Net Change ($),Notes / Key Insight
"Nov 1–30, 2025",32.43,"2,996.68","2,436.58",592.53,+560.10,Full month Lyft earnings inflow; Nov 2 sample payouts $91.53,
Date / Period,Description,Credits ($$   ),Debits (   $$),Balance ($),Notes / Performance Insight
"Nov 1, 2025",Opening Balance,—,—,32.43,Start of month
"Nov 2, 2025",Lyft Payout (multiple),91.53,—,118.41,All Nov 2 payouts summed; active day with 13 deposits
Nov 2025 (Full),Monthly Summary,"2,996.68","2,436.58",592.53,Net inflow $560.10; credits mostly Lyft earnings
Nov 2025 (Full),Net Change,—,—,+560.10,Earnings minus spending/withdrawals for month,
Date Confirmed,Odometer (mi),Trip (mi),MPG (long-term),Key Notes / Event,Source
"Jan 14, 2026","96,598",6.6,—,Fuel fill at Marathon (10.557576 gal),Fuel receipt + dashboard photo
(date unknown),"91,242",252.5,—,"Oil change reminder: ""due in 4200 mi""",Dashboard reminder photo
(date unknown),"90,990",325.7,—,Dashboard view,Dashboard photo
(date unknown),"90,973",308.9,—,Compass / navigation view,Dashboard photo
(date unknown),"90,730",65.4,26.7,Economy screen,Economy photo
(date unknown),"90,664",258.1,—,Dashboard with door open,Dashboard photo,
Date (estimated/logged),Odometer (mi),Trip (mi),MPG (long-term),Notes / Event,Source Image/Details
~Oct 2025 (estimated),"85,442",—,—,"Estimated last oil change (based on 10,000 mi interval; reset point)",Dashboard reminder calc
~Nov 2025 (estimated),"90,664",258.1,—,Dashboard with open door,Dashboard photo
~Nov 2025 (estimated),"90,730",65.4,26.7,Economy screen shown,Economy photo
~Dec 2025 (estimated),"90,973",308.9,—,Compass view,Compass photo
~Dec 2025 (estimated),"90,990",325.7,—,Dashboard view,Dashboard photo
~Dec 2025 (estimated),"91,242",252.5,—,Oil change reminder “due in 4200 mi”,Reminder photo
"Jan 14, 2026","96,598",6.6,—,Marathon fuel fill (10.557576 gal),Fuel receipt + dashboard
"Mar 18, 2026 (today)",[add post-oil change],[add],[add],Planned oil change/filter; photo receipt + odometer when done,Pending today's service,
Date (from photo/receipt),Odometer (mi),Trip (mi),MPG (long-term),Notes / Event,Source Image
[unknown – early],"90,664",258.1,—,Dashboard with open door,IMG_3996.jpeg
[unknown – early],"90,730",65.4,26.7,Economy screen shown,IMG_3999.jpeg
[unknown – early],"90,973",308.9,—,Compass view,IMG_4012.jpeg
[unknown – early],"90,990",325.7,—,Dashboard view,IMG_4013.jpeg
[unknown – early],"91,242",252.5,—,Oil change reminder “in 4200 mi”,IMG_4017.jpeg
"Jan 14, 2026","96,598",6.6,—,Marathon fuel fill (10.557576 gal),IMG_3995.jpeg + receipt,
Date,Description,Credits ($$   ),Balance After (   $$)
11/01/2025,Opening Balance,—,32.43
11/02/2025,Lyft Payout,8.10,40.53
11/02/2025,Lyft Payout,5.12,45.65
11/02/2025,Lyft Payout,20.10,65.75
11/02/2025,Lyft Payout,3.75,69.50
11/02/2025,Lyft Payout,12.04,81.54
11/02/2025,Lyft Payout,4.73,86.27
11/02/2025,Lyft Payout,4.55,90.82
11/02/2025,Lyft Payout,5.09,95.91
11/02/2025,Lyft Payout,5.08,100.99
11/02/2025,Lyft Payout,4.77,105.76
11/02/2025,Lyft Payout,5.55,111.31
11/02/2025,Lyft Payout,7.10,118.41,
Date (photo approx),Odometer (mi),Trip (mi),Service Item,Reminder/Details,Notes
2026-03-18,91242,252.5,Oil change + inspection,Due in 4200 mi,No prior date found; schedule today to maintain MPG/efficiency. Track cost as expense vs. earnings.,
Date,Time,Odometer (mi),Trip (mi),Fuel (gal),Station,Octane,Price Cash ($$   /gal),Price Credit (   $$/gal),Total Cost ($)
2026-01-14,6:13-6:39 PM,96598,6.6,10.557576,Marathon,87,2.2340,2.2440,25.5581,
Log these to existing database,
Log these to existing database,
