Date,Odometer,Trip,Fuel_Type,Gallons,Cost,MPG,Status,Note_1,Note_2
, 2026**,,,,,,,,
, April 21, 2026**. Your mileage consistency remains excellent, with the trip meter and odometer tracking within 0.5 miles of each other over the last two days.,,,,,,
, Stone Mountain, GA |,,,,,,,
, here is the formatted string for your `tiguan_logs.csv` or `raw_logs.csv` inside the `Tiguan-Project` folder:,,,,,,,,
, you are likely to hit the 5,000-mile mark in roughly **2 to 3 days** (around Friday, April 24th).,,,,,,
,000-mile service milestone rapidly.,,,,,,,,
,112197,377.5,Regular,13.306,44.69,28.37,Verified`,,
,197 miles** |,,,,,,,,
,362 miles** (since 107,835 mi on 3/25),,,,,,,
,835 miles**,,,,,,,,
,,,,,,,,,
